Customer_ID,Total_Orders,Total_Revenue,Average_Order_Value,Total_Quantity,Average_Discount,Last_Purchase_Date,Days_Since_Last_Order,Cluster,Customer_Segment
CUST0001,7,89977.93,12853.99,14,0.0642857142857143,2025-11-02,59,1,Regular Customers
CUST0002,4,374256.0,93564.0,7,0.05,2025-07-15,169,0,Premium Customers
CUST0003,2,218448.5,109224.25,4,0.025,2025-10-26,66,0,Premium Customers
CUST0004,6,138919.98,23153.33,16,0.041666666666666664,2025-09-05,117,1,Regular Customers
CUST0005,4,112492.09,28123.0225,9,0.025,2025-11-20,41,1,Regular Customers
CUST0006,6,86201.73999999999,14366.956666666665,11,0.03333333333333333,2025-11-09,52,1,Regular Customers
CUST0007,7,402904.94,57557.84857142857,19,0.07857142857142858,2025-08-04,149,3,Loyal High-Value Customers
CUST0008,6,304551.39,50758.565,16,0.05000000000000001,2025-12-03,28,3,Loyal High-Value Customers
CUST0009,3,254611.24,84870.41333333333,10,0.016666666666666666,2025-09-30,92,0,Premium Customers
CUST0010,6,134728.34,22454.72333333333,9,0.05000000000000001,2025-07-29,155,1,Regular Customers
CUST0011,4,233899.77000000002,58474.942500000005,6,0.0125,2025-09-08,114,0,Premium Customers
CUST0012,5,97846.87,19569.374,11,0.06999999999999999,2025-12-03,28,1,Regular Customers
CUST0013,2,30667.39,15333.695,2,0.07500000000000001,2025-02-13,321,2,At-Risk Customers
CUST0014,5,372996.17,74599.234,16,0.030000000000000006,2025-12-12,19,0,Premium Customers
CUST0015,7,353069.96,50438.565714285716,16,0.0642857142857143,2025-12-24,7,3,Loyal High-Value Customers
CUST0016,4,117873.01999999999,29468.254999999997,8,0.037500000000000006,2025-11-23,38,1,Regular Customers
CUST0017,4,156053.3,39013.325,10,0.0625,2025-11-21,40,1,Regular Customers
CUST0018,2,3877.8199999999997,1938.9099999999999,3,0.05,2025-09-26,96,2,At-Risk Customers
CUST0019,5,358704.74,71740.948,12,0.07,2025-11-06,55,0,Premium Customers
CUST0020,5,154769.46999999997,30953.893999999993,11,0.04,2025-05-23,222,2,At-Risk Customers
CUST0021,5,101650.18000000001,20330.036,9,0.04,2025-11-01,60,1,Regular Customers
CUST0022,4,183638.31,45909.5775,11,0.037500000000000006,2025-12-01,30,1,Regular Customers
CUST0023,6,182251.19,30375.198333333334,10,0.05833333333333333,2025-11-04,57,1,Regular Customers
CUST0024,5,502241.49999999994,100448.29999999999,12,0.01,2025-06-23,191,0,Premium Customers
CUST0025,14,258260.6,18447.185714285715,32,0.05,2025-10-09,83,3,Loyal High-Value Customers
CUST0026,10,476101.25,47610.125,26,0.025,2025-12-04,27,3,Loyal High-Value Customers
CUST0027,2,99173.43,49586.715,6,0.07500000000000001,2025-11-02,59,1,Regular Customers
CUST0028,6,175823.71,29303.951666666664,13,0.041666666666666664,2025-09-25,97,1,Regular Customers
CUST0029,7,94599.81,13514.25857142857,11,0.028571428571428574,2025-12-30,1,1,Regular Customers
CUST0030,6,46844.479999999996,7807.413333333333,13,0.05833333333333333,2025-11-25,36,1,Regular Customers
CUST0031,5,100767.75,20153.55,13,0.030000000000000006,2025-12-10,21,1,Regular Customers
CUST0032,6,194167.25,32361.208333333332,16,0.05000000000000001,2025-11-29,32,1,Regular Customers
CUST0033,6,68703.47,11450.578333333333,15,0.05833333333333334,2025-12-09,22,1,Regular Customers
CUST0034,4,86512.25,21628.0625,4,0.0625,2025-08-15,138,2,At-Risk Customers
CUST0035,6,308198.56000000006,51366.42666666667,17,0.041666666666666664,2025-12-12,19,3,Loyal High-Value Customers
CUST0036,4,97289.03,24322.2575,11,0.037500000000000006,2025-12-22,9,1,Regular Customers
CUST0037,2,6079.66,3039.83,5,0.05,2025-12-02,29,1,Regular Customers
CUST0038,8,157760.9,19720.1125,20,0.025,2025-12-14,17,3,Loyal High-Value Customers
CUST0039,5,51203.61,10240.722,14,0.030000000000000006,2025-10-25,67,1,Regular Customers
CUST0040,1,12447.81,12447.81,1,0.0,2025-08-24,129,2,At-Risk Customers
CUST0041,6,150665.45,25110.908333333336,17,0.049999999999999996,2025-09-27,95,1,Regular Customers
CUST0042,6,122888.41,20481.40166666667,13,0.049999999999999996,2025-12-31,0,1,Regular Customers
CUST0043,8,632937.79,79117.22375,19,0.037500000000000006,2025-11-13,48,3,Loyal High-Value Customers
CUST0044,6,314421.72000000003,52403.62,17,0.08333333333333333,2025-12-03,28,3,Loyal High-Value Customers
CUST0045,4,74913.89,18728.4725,4,0.05,2025-07-23,161,2,At-Risk Customers
CUST0046,6,133385.66,22230.943333333333,16,0.05833333333333334,2025-08-24,129,1,Regular Customers
CUST0047,10,108765.34,10876.534,30,0.05,2025-12-31,0,3,Loyal High-Value Customers
CUST0048,6,397999.73,66333.28833333333,13,0.016666666666666666,2025-12-21,10,0,Premium Customers
CUST0049,7,80230.51,11461.501428571428,15,0.049999999999999996,2025-10-04,88,1,Regular Customers
CUST0050,4,570496.3200000001,142624.08000000002,10,0.049999999999999996,2025-11-10,51,0,Premium Customers
CUST0051,8,305395.33,38174.41625,19,0.03125,2025-09-26,96,3,Loyal High-Value Customers
CUST0052,3,253957.96000000002,84652.65333333334,10,0.05000000000000001,2025-10-01,91,0,Premium Customers
CUST0053,3,92633.81,30877.936666666665,7,0.08333333333333333,2025-07-16,168,2,At-Risk Customers
CUST0054,8,371033.48,46379.185,18,0.05,2025-11-14,47,3,Loyal High-Value Customers
CUST0055,2,51393.28,25696.64,6,0.0,2025-12-15,16,1,Regular Customers
CUST0056,6,141089.12,23514.853333333333,18,0.05833333333333334,2025-10-18,74,1,Regular Customers
CUST0057,4,153243.97,38310.9925,13,0.07500000000000001,2025-09-04,118,1,Regular Customers
CUST0058,7,345489.29,49355.612857142856,17,0.021428571428571432,2025-08-19,134,3,Loyal High-Value Customers
CUST0059,8,232656.87,29082.10875,23,0.05625,2025-11-27,34,3,Loyal High-Value Customers
CUST0060,2,89593.2,44796.6,4,0.05,2025-05-31,214,2,At-Risk Customers
CUST0061,9,245357.95,27261.994444444445,25,0.03888888888888889,2025-12-29,2,3,Loyal High-Value Customers
CUST0062,2,56319.8,28159.9,6,0.1,2025-10-27,65,1,Regular Customers
CUST0063,6,208894.0,34815.666666666664,14,0.008333333333333333,2025-10-02,90,1,Regular Customers
CUST0064,2,41212.51,20606.255,5,0.025,2025-08-02,151,2,At-Risk Customers
CUST0065,7,557873.44,79696.20571428571,19,0.021428571428571432,2025-12-18,13,3,Loyal High-Value Customers
CUST0066,3,15653.060000000001,5217.686666666667,7,0.05000000000000001,2025-11-27,34,1,Regular Customers
CUST0067,5,41305.55,8261.11,10,0.05,2025-11-30,31,1,Regular Customers
CUST0068,3,138367.08000000002,46122.36000000001,4,0.03333333333333333,2025-07-07,177,2,At-Risk Customers
CUST0069,10,421471.22,42147.121999999996,30,0.005,2025-11-14,47,3,Loyal High-Value Customers
CUST0070,6,413660.78,68943.46333333333,19,0.075,2025-11-26,35,3,Loyal High-Value Customers
CUST0071,3,77679.97,25893.323333333334,7,0.03333333333333333,2025-12-02,29,1,Regular Customers
CUST0072,7,331332.94,47333.27714285714,15,0.05,2025-12-04,27,3,Loyal High-Value Customers
CUST0073,4,46511.44,11627.86,9,0.037500000000000006,2025-07-15,169,2,At-Risk Customers
CUST0074,4,264306.87,66076.7175,13,0.05,2025-12-22,9,0,Premium Customers
CUST0075,7,250376.11000000002,35768.01571428571,20,0.028571428571428574,2025-11-21,40,3,Loyal High-Value Customers
CUST0076,10,436040.61,43604.061,26,0.05,2025-12-13,18,3,Loyal High-Value Customers
CUST0077,4,234478.16,58619.54,9,0.037500000000000006,2025-12-17,14,1,Regular Customers
CUST0078,9,195122.87,21680.318888888887,23,0.027777777777777776,2025-09-12,110,3,Loyal High-Value Customers
CUST0079,2,12269.73,6134.865,6,0.05,2025-09-21,101,2,At-Risk Customers
CUST0080,5,48389.79,9677.958,14,0.04,2025-08-30,123,1,Regular Customers
CUST0081,3,183064.34,61021.44666666666,7,0.06666666666666667,2025-11-26,35,1,Regular Customers
CUST0082,4,148953.97999999998,37238.494999999995,6,0.025,2025-08-22,131,2,At-Risk Customers
CUST0083,7,153661.21,21951.601428571426,15,0.028571428571428574,2025-09-20,102,1,Regular Customers
CUST0084,11,598902.85,54445.71363636363,25,0.07272727272727274,2025-11-03,58,3,Loyal High-Value Customers
CUST0085,3,76372.09,25457.36333333333,9,0.016666666666666666,2025-11-29,32,1,Regular Customers
CUST0086,3,74798.05,24932.683333333334,7,0.03333333333333333,2025-12-22,9,1,Regular Customers
CUST0087,6,474526.0399999999,79087.67333333332,14,0.041666666666666664,2025-11-17,44,0,Premium Customers
CUST0088,8,394821.18,49352.6475,21,0.05,2025-11-16,45,3,Loyal High-Value Customers
CUST0089,3,88682.77,29560.923333333336,9,0.016666666666666666,2025-09-02,120,2,At-Risk Customers
CUST0090,6,119725.05,19954.175,12,0.016666666666666666,2025-08-08,145,1,Regular Customers
CUST0091,3,106845.78,35615.26,8,0.05000000000000001,2025-11-24,37,1,Regular Customers
CUST0092,6,94547.54000000001,15757.923333333334,13,0.05833333333333334,2025-12-30,1,1,Regular Customers
CUST0093,8,283747.47000000003,35468.433750000004,23,0.03125,2025-09-24,98,3,Loyal High-Value Customers
CUST0094,7,433969.26999999996,61995.60999999999,15,0.04285714285714286,2025-12-07,24,3,Loyal High-Value Customers
CUST0095,7,248693.21000000002,35527.601428571434,19,0.028571428571428574,2025-12-01,30,3,Loyal High-Value Customers
CUST0096,4,68688.48,17172.12,7,0.037500000000000006,2025-12-15,16,1,Regular Customers
CUST0097,4,64346.66,16086.665,11,0.05,2025-06-03,211,2,At-Risk Customers
CUST0098,1,20706.31,20706.31,1,0.0,2025-03-07,299,2,At-Risk Customers
CUST0099,8,495138.33999999997,61892.292499999996,23,0.037500000000000006,2025-11-29,32,3,Loyal High-Value Customers
CUST0100,6,388003.37,64667.22833333333,14,0.03333333333333333,2025-11-13,48,0,Premium Customers
CUST0101,8,272101.4,34012.675,22,0.018750000000000003,2025-12-30,1,3,Loyal High-Value Customers
CUST0102,5,144734.24,28946.847999999998,10,0.04,2025-10-06,86,1,Regular Customers
CUST0103,4,105939.69,26484.9225,6,0.037500000000000006,2025-09-06,116,2,At-Risk Customers
CUST0104,6,158224.61,26370.76833333333,12,0.008333333333333333,2025-09-10,112,1,Regular Customers
CUST0105,7,260069.65,37152.80714285714,19,0.042857142857142864,2025-12-17,14,3,Loyal High-Value Customers
CUST0106,6,196576.1,32762.683333333334,16,0.05833333333333333,2025-10-17,75,1,Regular Customers
CUST0107,6,148794.87,24799.145,14,0.03333333333333333,2025-07-15,169,1,Regular Customers
CUST0108,3,104445.06,34815.02,4,0.03333333333333333,2025-10-20,72,1,Regular Customers
CUST0109,6,124110.81999999999,20685.136666666665,13,0.03333333333333333,2025-10-02,90,1,Regular Customers
CUST0110,6,86835.06,14472.51,10,0.03333333333333333,2025-11-08,53,1,Regular Customers
CUST0111,6,95028.64000000001,15838.106666666668,16,0.025000000000000005,2025-12-30,1,1,Regular Customers
CUST0112,1,121083.66,121083.66,4,0.05,2025-02-11,323,2,At-Risk Customers
CUST0113,5,99094.31,19818.862,14,0.02,2025-09-28,94,1,Regular Customers
CUST0114,8,419721.76,52465.22,25,0.0375,2025-11-11,50,3,Loyal High-Value Customers
CUST0115,2,37153.47,18576.735,5,0.025,2025-07-25,159,2,At-Risk Customers
CUST0116,6,192609.84,32101.64,15,0.03333333333333333,2025-11-23,38,1,Regular Customers
CUST0117,4,108365.14,27091.285,10,0.0125,2025-10-23,69,1,Regular Customers
CUST0118,6,157533.08000000002,26255.513333333336,15,0.041666666666666664,2025-11-08,53,1,Regular Customers
CUST0119,3,57511.33,19170.443333333333,6,0.06666666666666667,2025-07-30,154,2,At-Risk Customers
CUST0120,7,87330.48,12475.782857142856,17,0.028571428571428574,2025-11-19,42,1,Regular Customers
CUST0121,1,3276.81,3276.81,2,0.1,2025-09-17,105,2,At-Risk Customers
CUST0122,7,131258.28999999998,18751.184285714284,17,0.0071428571428571435,2025-10-20,72,1,Regular Customers
CUST0123,5,59789.5,11957.9,10,0.02,2025-08-19,134,1,Regular Customers
CUST0124,4,126358.28,31589.57,8,0.0125,2025-08-01,152,2,At-Risk Customers
CUST0125,4,102730.16,25682.54,8,0.0625,2025-12-27,4,1,Regular Customers
CUST0126,5,84394.42,16878.884,10,0.05,2025-10-17,75,1,Regular Customers
CUST0127,2,443507.89,221753.945,7,0.0,2025-08-03,150,0,Premium Customers
CUST0128,5,85115.91,17023.182,14,0.030000000000000006,2025-09-25,97,1,Regular Customers
CUST0129,4,122792.26999999999,30698.067499999997,9,0.0125,2025-05-23,222,2,At-Risk Customers
CUST0130,6,149113.59,24852.265,13,0.03333333333333333,2025-08-18,135,1,Regular Customers
CUST0131,3,214279.04,71426.34666666666,6,0.08333333333333333,2025-12-22,9,0,Premium Customers
CUST0132,6,315660.95,52610.15833333333,16,0.03333333333333333,2025-12-07,24,3,Loyal High-Value Customers
CUST0133,5,100367.2,20073.44,9,0.039999999999999994,2025-08-18,135,1,Regular Customers
CUST0134,3,45503.4,15167.800000000001,4,0.05000000000000001,2025-05-15,230,2,At-Risk Customers
CUST0135,3,279651.77,93217.25666666667,9,0.016666666666666666,2025-09-22,100,0,Premium Customers
CUST0136,3,84288.73000000001,28096.243333333336,9,0.03333333333333333,2025-12-14,17,1,Regular Customers
CUST0137,6,402114.79,67019.13166666667,16,0.05833333333333333,2025-11-16,45,0,Premium Customers
CUST0138,5,115526.31,23105.262,15,0.04,2025-11-27,34,1,Regular Customers
CUST0139,7,174192.78,24884.682857142856,18,0.03571428571428571,2025-10-14,78,1,Regular Customers
CUST0140,2,54357.56,27178.78,5,0.025,2025-07-17,167,2,At-Risk Customers
CUST0141,9,432933.69,48103.74333333333,21,0.027777777777777776,2025-12-03,28,3,Loyal High-Value Customers
CUST0142,3,53270.98,17756.993333333336,5,0.08333333333333333,2025-06-14,200,2,At-Risk Customers
CUST0143,6,122729.73999999999,20454.956666666665,11,0.05000000000000001,2025-12-23,8,1,Regular Customers
CUST0144,3,111479.19,37159.73,8,0.03333333333333333,2025-10-25,67,1,Regular Customers
CUST0145,3,242022.19,80674.06333333334,5,0.03333333333333333,2025-05-11,234,2,At-Risk Customers
CUST0146,11,762500.4,69318.21818181819,33,0.02727272727272728,2025-11-09,52,3,Loyal High-Value Customers
CUST0147,7,452327.33,64618.19,17,0.05,2025-12-12,19,3,Loyal High-Value Customers
CUST0148,3,16969.7,5656.566666666667,6,0.03333333333333333,2025-11-30,31,1,Regular Customers
CUST0149,5,180670.74,36134.148,13,0.07,2025-09-26,96,1,Regular Customers
CUST0150,4,125235.88,31308.97,12,0.025,2025-11-26,35,1,Regular Customers
CUST0151,1,6843.64,6843.64,4,0.0,2025-05-31,214,2,At-Risk Customers
CUST0152,5,115964.76999999999,23192.953999999998,16,0.030000000000000006,2025-09-28,94,1,Regular Customers
CUST0153,8,521918.34,65239.7925,23,0.0375,2025-10-05,87,3,Loyal High-Value Customers
CUST0154,6,96887.68,16147.946666666665,15,0.075,2025-12-28,3,1,Regular Customers
CUST0155,3,11311.61,3770.536666666667,8,0.03333333333333333,2025-06-28,186,2,At-Risk Customers
CUST0156,7,712950.2,101850.02857142857,20,0.07142857142857142,2025-11-18,43,0,Premium Customers
CUST0157,3,52644.200000000004,17548.06666666667,8,0.06666666666666667,2025-04-07,268,2,At-Risk Customers
CUST0158,4,118038.15,29509.5375,12,0.0625,2025-09-12,110,1,Regular Customers
CUST0159,5,273238.82,54647.764,14,0.02,2025-11-30,31,1,Regular Customers
CUST0160,1,20443.99,20443.99,1,0.05,2025-09-11,111,2,At-Risk Customers
CUST0161,9,767802.11,85311.34555555556,21,0.03888888888888889,2025-11-23,38,3,Loyal High-Value Customers
CUST0162,9,174027.8,19336.42222222222,26,0.011111111111111112,2025-11-22,39,3,Loyal High-Value Customers
CUST0163,2,35916.9,17958.45,6,0.07500000000000001,2025-11-27,34,1,Regular Customers
CUST0164,5,461690.73,92338.146,16,0.06000000000000001,2025-08-08,145,0,Premium Customers
CUST0165,5,262650.30000000005,52530.06000000001,12,0.07,2025-12-08,23,1,Regular Customers
CUST0166,6,108678.29000000001,18113.048333333336,17,0.041666666666666664,2025-12-25,6,1,Regular Customers
CUST0167,4,348353.98,87088.495,10,0.0125,2025-09-11,111,0,Premium Customers
CUST0168,3,107634.70000000001,35878.23333333334,9,0.016666666666666666,2025-11-26,35,1,Regular Customers
CUST0169,1,5330.52,5330.52,3,0.0,2025-05-28,217,2,At-Risk Customers
CUST0170,2,12474.33,6237.165,5,0.0,2025-06-06,208,2,At-Risk Customers
CUST0171,5,160110.51,32022.102000000003,9,0.05,2025-09-01,121,1,Regular Customers
CUST0172,5,125167.44,25033.488,15,0.06,2025-10-13,79,1,Regular Customers
CUST0173,5,121699.87999999999,24339.976,9,0.06000000000000001,2025-12-31,0,1,Regular Customers
CUST0174,6,389516.58,64919.43,16,0.03333333333333333,2025-12-09,22,3,Loyal High-Value Customers
CUST0175,4,59969.770000000004,14992.442500000001,11,0.0,2025-11-25,36,1,Regular Customers
CUST0176,5,115359.33,23071.866,13,0.05,2025-11-20,41,1,Regular Customers
CUST0177,6,102719.78,17119.963333333333,13,0.05000000000000001,2025-12-24,7,1,Regular Customers
CUST0178,5,217900.07,43580.014,13,0.06000000000000001,2025-12-21,10,1,Regular Customers
CUST0179,6,110883.32,18480.553333333333,16,0.05000000000000001,2025-12-11,20,1,Regular Customers
CUST0180,6,607978.1599999999,101329.69333333331,22,0.03333333333333333,2025-07-29,155,0,Premium Customers
CUST0181,7,273589.25,39084.17857142857,22,0.05714285714285715,2025-12-15,16,3,Loyal High-Value Customers
CUST0182,13,301091.44,23160.88,28,0.04230769230769231,2025-12-21,10,3,Loyal High-Value Customers
CUST0183,3,229399.49,76466.49666666666,9,0.06666666666666667,2025-07-31,153,0,Premium Customers
CUST0184,6,108624.37,18104.061666666665,18,0.025000000000000005,2025-11-29,32,1,Regular Customers
CUST0185,3,85279.28,28426.426666666666,8,0.03333333333333333,2025-10-21,71,1,Regular Customers
CUST0186,2,123524.31,61762.155,6,0.075,2025-05-20,225,2,At-Risk Customers
CUST0187,6,333046.47,55507.744999999995,16,0.03333333333333333,2025-12-26,5,3,Loyal High-Value Customers
CUST0188,7,339786.56,48540.93714285714,19,0.03571428571428571,2025-12-11,20,3,Loyal High-Value Customers
CUST0189,4,192045.82,48011.455,14,0.037500000000000006,2025-10-27,65,1,Regular Customers
CUST0190,8,232333.0,29041.625,24,0.0375,2025-12-29,2,3,Loyal High-Value Customers
CUST0191,8,132797.6,16599.7,20,0.043750000000000004,2025-10-25,67,3,Loyal High-Value Customers
CUST0192,7,109771.74,15681.677142857143,16,0.014285714285714287,2025-12-21,10,1,Regular Customers
CUST0193,7,262191.01,37455.85857142857,16,0.05714285714285715,2025-12-06,25,3,Loyal High-Value Customers
CUST0194,4,40489.92,10122.48,12,0.05,2025-10-14,78,1,Regular Customers
CUST0195,6,268971.31,44828.551666666666,14,0.016666666666666666,2025-11-19,42,1,Regular Customers
CUST0196,5,107552.01000000001,21510.402000000002,10,0.04,2025-10-23,69,1,Regular Customers
CUST0197,3,16704.09,5568.03,6,0.03333333333333333,2025-10-24,68,1,Regular Customers
CUST0198,9,431632.06000000006,47959.117777777785,19,0.027777777777777776,2025-07-01,183,3,Loyal High-Value Customers
CUST0199,5,307024.2,61404.840000000004,13,0.030000000000000006,2025-11-01,60,0,Premium Customers
CUST0200,3,127244.37,42414.79,9,0.03333333333333333,2025-08-24,129,2,At-Risk Customers
CUST0201,2,93131.08,46565.54,5,0.05,2025-12-30,1,1,Regular Customers
CUST0202,5,51116.61,10223.322,8,0.06000000000000001,2025-11-19,42,1,Regular Customers
CUST0203,3,42464.21,14154.736666666666,7,0.08333333333333333,2025-11-22,39,1,Regular Customers
CUST0205,2,65729.39,32864.695,4,0.07500000000000001,2025-09-11,111,2,At-Risk Customers
CUST0206,4,234797.15,58699.2875,12,0.05,2025-12-17,14,1,Regular Customers
CUST0207,9,653713.73,72634.85888888889,23,0.044444444444444446,2025-12-23,8,3,Loyal High-Value Customers
CUST0208,6,273032.41,45505.401666666665,17,0.05833333333333334,2025-11-23,38,3,Loyal High-Value Customers
CUST0209,6,478342.47,79723.745,18,0.041666666666666664,2025-11-03,58,0,Premium Customers
CUST0210,3,336575.88,112191.96,8,0.03333333333333333,2025-11-07,54,0,Premium Customers
CUST0211,6,141752.26,23625.376666666667,18,0.05000000000000001,2025-12-25,6,1,Regular Customers
CUST0212,2,6082.53,3041.265,3,0.0,2025-09-30,92,2,At-Risk Customers
CUST0213,2,26845.98,13422.99,6,0.05,2025-10-13,79,2,At-Risk Customers
CUST0214,9,247605.03,27511.67,22,0.01666666666666667,2025-09-15,107,3,Loyal High-Value Customers
CUST0215,4,336990.2,84247.55,15,0.05,2025-12-28,3,0,Premium Customers
CUST0216,3,136913.27,45637.75666666666,9,0.03333333333333333,2025-11-14,47,1,Regular Customers
CUST0217,1,54614.12,54614.12,4,0.0,2025-12-30,1,1,Regular Customers
CUST0218,6,186270.46,31045.076666666664,14,0.03333333333333333,2025-11-08,53,1,Regular Customers
CUST0219,4,267762.56,66940.64,9,0.0875,2025-09-16,106,0,Premium Customers
CUST0220,6,453812.39,75635.39833333333,20,0.03333333333333333,2025-12-27,4,3,Loyal High-Value Customers
CUST0221,4,146758.24,36689.56,10,0.075,2025-06-07,207,2,At-Risk Customers
CUST0222,7,159995.80000000002,22856.54285714286,17,0.07142857142857142,2025-12-21,10,1,Regular Customers
CUST0223,5,179835.27000000002,35967.054000000004,12,0.05,2025-12-20,11,1,Regular Customers
CUST0224,2,79302.2,39651.1,5,0.05,2025-12-15,16,1,Regular Customers
CUST0225,6,336965.27,56160.878333333334,17,0.049999999999999996,2025-12-19,12,3,Loyal High-Value Customers
CUST0226,5,185117.41,37023.482,11,0.08,2025-12-30,1,1,Regular Customers
CUST0227,11,519723.75,47247.61363636364,31,0.06818181818181818,2025-09-08,114,3,Loyal High-Value Customers
CUST0228,7,384063.02,54866.14571428572,18,0.028571428571428574,2025-12-10,21,3,Loyal High-Value Customers
CUST0229,8,343526.95,42940.86875,18,0.04375,2025-11-17,44,3,Loyal High-Value Customers
CUST0230,4,192777.47,48194.3675,13,0.05,2025-11-24,37,1,Regular Customers
CUST0231,2,44341.71,22170.855,3,0.07500000000000001,2025-04-10,265,2,At-Risk Customers
CUST0232,3,98662.88,32887.62666666667,6,0.0,2025-09-21,101,2,At-Risk Customers
CUST0233,4,72159.04,18039.76,12,0.0125,2025-12-10,21,1,Regular Customers
CUST0234,4,457521.5,114380.375,10,0.037500000000000006,2025-09-08,114,0,Premium Customers
CUST0235,7,198727.13999999998,28389.591428571428,12,0.05714285714285715,2025-11-27,34,1,Regular Customers
CUST0236,3,107280.03,35760.01,8,0.0,2025-08-22,131,2,At-Risk Customers
CUST0237,4,158261.52,39565.38,12,0.0625,2025-11-08,53,1,Regular Customers
CUST0238,3,95227.33,31742.443333333333,9,0.016666666666666666,2025-09-30,92,1,Regular Customers
CUST0239,7,277057.9,39579.700000000004,24,0.05,2025-12-06,25,3,Loyal High-Value Customers
CUST0240,7,291329.55,41618.50714285714,16,0.04285714285714286,2025-11-29,32,3,Loyal High-Value Customers
CUST0241,6,300250.82999999996,50041.80499999999,16,0.016666666666666666,2025-12-15,16,3,Loyal High-Value Customers
CUST0242,3,72244.35,24081.45,4,0.049999999999999996,2025-07-23,161,2,At-Risk Customers
CUST0243,5,165564.76,33112.952000000005,11,0.08,2025-09-24,98,1,Regular Customers
CUST0244,1,26753.8,26753.8,2,0.0,2025-02-27,307,2,At-Risk Customers
CUST0245,4,164586.96000000002,41146.740000000005,10,0.037500000000000006,2025-09-26,96,1,Regular Customers
CUST0246,8,360934.52,45116.815,17,0.05,2025-08-25,128,3,Loyal High-Value Customers
CUST0247,4,129366.10999999999,32341.527499999997,10,0.0625,2025-08-04,149,2,At-Risk Customers
CUST0248,3,78992.57,26330.85666666667,7,0.016666666666666666,2025-09-06,116,2,At-Risk Customers
CUST0249,5,65990.84,13198.168,12,0.05,2025-11-15,46,1,Regular Customers
CUST0250,4,74186.59,18546.6475,11,0.0625,2025-11-12,49,1,Regular Customers
CUST0251,4,110126.06999999999,27531.517499999998,8,0.0125,2025-12-06,25,1,Regular Customers
CUST0252,4,435384.62000000005,108846.15500000001,11,0.025,2025-12-01,30,0,Premium Customers
CUST0253,3,308440.55,102813.51666666666,9,0.05000000000000001,2025-10-26,66,0,Premium Customers
CUST0254,5,426999.06,85399.812,15,0.06000000000000001,2025-11-04,57,0,Premium Customers
CUST0255,3,103644.25,34548.083333333336,7,0.05000000000000001,2025-10-14,78,1,Regular Customers
CUST0256,3,290703.64,96901.21333333333,7,0.016666666666666666,2025-09-05,117,0,Premium Customers
CUST0257,6,97574.72,16262.453333333333,15,0.06666666666666667,2025-11-13,48,1,Regular Customers
CUST0258,4,40766.07,10191.5175,9,0.025,2025-09-23,99,1,Regular Customers
CUST0259,4,229527.83,57381.9575,11,0.037500000000000006,2025-12-03,28,1,Regular Customers
CUST0260,2,71697.8,35848.9,5,0.025,2025-04-05,270,2,At-Risk Customers
CUST0261,1,4640.12,4640.12,2,0.0,2025-12-28,3,1,Regular Customers
CUST0262,3,21229.4,7076.466666666667,6,0.06666666666666667,2025-10-20,72,1,Regular Customers
CUST0263,3,116500.14,38833.38,6,0.08333333333333333,2025-12-24,7,1,Regular Customers
CUST0264,5,386314.24,77262.848,10,0.04,2025-08-02,151,0,Premium Customers
CUST0265,6,144406.27,24067.711666666666,13,0.06666666666666667,2025-12-24,7,1,Regular Customers
CUST0266,4,11042.46,2760.615,9,0.037500000000000006,2025-12-14,17,1,Regular Customers
CUST0267,5,376021.21,75204.242,13,0.01,2025-10-02,90,0,Premium Customers
CUST0268,7,295894.41000000003,42270.630000000005,16,0.05,2025-12-28,3,3,Loyal High-Value Customers
CUST0269,6,523953.36,87325.56,18,0.03333333333333333,2025-10-31,61,0,Premium Customers
CUST0270,7,319670.93,45667.275714285715,19,0.07142857142857142,2025-11-16,45,3,Loyal High-Value Customers
CUST0271,7,169927.29,24275.327142857142,17,0.028571428571428574,2025-11-05,56,1,Regular Customers
CUST0272,6,287202.36,47867.06,16,0.03333333333333333,2025-12-02,29,3,Loyal High-Value Customers
CUST0273,6,303335.06,50555.84333333333,18,0.03333333333333333,2025-12-07,24,3,Loyal High-Value Customers
CUST0274,2,51770.92,25885.46,3,0.075,2025-11-20,41,1,Regular Customers
CUST0275,6,131636.31,21939.385,18,0.03333333333333333,2025-10-30,62,1,Regular Customers
CUST0276,3,12407.25,4135.75,6,0.016666666666666666,2025-08-05,148,2,At-Risk Customers
CUST0277,5,226199.89,45239.978,13,0.06000000000000001,2025-07-20,164,1,Regular Customers
CUST0278,4,164028.5,41007.125,14,0.0125,2025-10-18,74,1,Regular Customers
CUST0279,5,166406.47,33281.294,12,0.05,2025-12-06,25,1,Regular Customers
CUST0280,6,141956.01,23659.335000000003,13,0.06666666666666667,2025-12-05,26,1,Regular Customers
CUST0281,1,30614.02,30614.02,4,0.05,2025-01-09,356,2,At-Risk Customers
CUST0282,5,361346.88,72269.376,12,0.030000000000000006,2025-11-16,45,0,Premium Customers
CUST0283,7,561888.64,80269.80571428571,19,0.042857142857142864,2025-11-15,46,3,Loyal High-Value Customers
CUST0284,5,278488.73,55697.746,15,0.02,2025-10-23,69,0,Premium Customers
CUST0285,5,138942.4,27788.48,15,0.02,2025-11-21,40,1,Regular Customers
CUST0286,6,355823.20999999996,59303.868333333325,10,0.03333333333333333,2025-12-08,23,0,Premium Customers
CUST0287,2,93985.70000000001,46992.850000000006,4,0.025,2025-06-13,201,2,At-Risk Customers
CUST0288,12,567304.54,47275.378333333334,31,0.04583333333333334,2025-12-19,12,3,Loyal High-Value Customers
CUST0289,4,451163.38,112790.845,13,0.08750000000000001,2025-11-06,55,0,Premium Customers
CUST0290,6,244650.59,40775.098333333335,15,0.041666666666666664,2025-12-22,9,1,Regular Customers
CUST0291,6,57473.11,9578.851666666667,10,0.041666666666666664,2025-12-02,29,1,Regular Customers
CUST0292,4,99461.53,24865.3825,13,0.05,2025-11-27,34,1,Regular Customers
CUST0293,5,171885.86000000002,34377.172000000006,16,0.039999999999999994,2025-11-21,40,1,Regular Customers
CUST0294,6,99156.38,16526.063333333335,13,0.049999999999999996,2025-12-28,3,1,Regular Customers
CUST0295,6,240013.72999999998,40002.28833333333,16,0.041666666666666664,2025-12-19,12,1,Regular Customers
CUST0296,5,266143.48,53228.695999999996,11,0.02,2025-07-22,162,0,Premium Customers
CUST0297,2,10564.76,5282.38,2,0.05,2025-05-08,237,2,At-Risk Customers
CUST0298,6,416869.26,69478.21,13,0.016666666666666666,2025-08-31,122,0,Premium Customers
CUST0299,4,353696.83,88424.2075,13,0.05,2025-10-24,68,0,Premium Customers
